content,category,source
"Passenger complaints about overcrowding on Brussels-Antwerp line during peak hours have increased by 35% in Q3","Customer Service","Passenger Feedback"
"ETCS Level 2 implementation on high-speed lines is behind schedule by 6 months due to technical integration issues","Technology","Infrastructure Reports"
"Staff shortage in train conductors has reached critical levels with 15% vacancy rate across Flanders region","Human Resources","HR Analytics"
"Thalys competitor services are gaining market share on Brussels-Paris route with 12% passenger migration","Competition","Market Analysis"
"Signal failures on Line 161 (Brussels-Namur) have caused 847 minutes of delays in the past month","Operations","Maintenance Reports"
"Digital ticketing adoption has reached 78% but elderly passengers struggle with mobile app interface","Technology","Customer Analytics"
"Energy costs for electric trains have increased by 23% due to rising electricity prices","Operations","Financial Reports"
"Freight transport revenue declined 8% as logistics companies shift to road transport","Sales","Revenue Analytics"
"New accessibility requirements mandate platform modifications at 45 stations by 2025","Compliance","Regulatory Updates"
"Punctuality on intercity services dropped to 87.3%, below the 90% target set by transport ministry","Operations","Performance Metrics"
"Union negotiations for wage increases are stalled, potential strike action planned for December","Human Resources","Labor Relations"
"Carbon emission reduction targets require 40% improvement in energy efficiency by 2030","Compliance","Environmental Reports"
"Cross-border coordination with Dutch NS and German DB faces bureaucratic delays affecting international services","Operations","International Relations"
"Station retail revenue increased 15% with new food court openings in major hubs","Sales","Commercial Reports"
"Cybersecurity audit revealed vulnerabilities in train control systems requiring immediate patches","Technology","Security Assessment"
"Passenger satisfaction with onboard WiFi service rated 3.2/10 in latest survey","Customer Service","Quality Surveys"
"Track maintenance costs exceeded budget by 18% due to extreme weather damage","Operations","Budget Reports"
"Regional services in Wallonia face potential cuts due to subsidy reductions from regional government","Strategy","Government Relations"
"Integration of bike-sharing services at stations increased multimodal transport usage by 22%","Strategy","Innovation Reports"
"Night train services to Vienna and Prague show 65% occupancy rate, exceeding expectations","Product","Service Analytics"
"Outdated paper-based inventory system in maintenance depots causes 3-hour delays in parts procurement","Operations","Maintenance Reports"
"Customer complaints about dirty restrooms at rural stations have tripled in the past quarter","Customer Service","Facility Management"
"Aging diesel locomotives on secondary lines require expensive overhauls with limited budget allocation","Operations","Asset Management"
"Staff report low morale due to outdated break room facilities and lack of modern amenities","Human Resources","Employee Surveys"
"Manual ticket validation process at unstaffed stations leads to 15% revenue leakage","Operations","Revenue Protection"
"Obsolete announcement systems at 12 stations still use 1990s technology with frequent failures","Technology","Infrastructure Audit"
"Vandalism incidents at suburban stations increased 40% with insufficient security coverage","Security","Incident Reports"
"Legacy scheduling software crashes weekly, requiring manual intervention and service delays","Technology","IT Operations"
"Passenger information displays show incorrect data 25% of the time due to system integration issues","Customer Service","Technical Support"
"Freight loading equipment at cargo terminals operates at 60% efficiency due to mechanical wear","Operations","Equipment Reports"